"ID","Description","GeneRatio","BgRatio","pvalue","p.adjust","qvalue","geneID","Count"
"hsa05340","Primary immunodeficiency","4/39","35/5779",7.98029106102279e-05,0.0111724074854319,0.0108363952302309,"973/23495/930/115650",4
"hsa04060","Cytokine-cytokine receptor interaction","8/39","257/5779",0.000253836211041867,0.0177685347729307,0.0172341427496847,"608/23495/4283/3568/115650/6373/5618/6363",8
"hsa04640","Hematopoietic cell lineage","5/39","96/5779",0.000419471892216789,0.0195753549701168,0.0189866224898126,"930/1380/3568/931/910",5
