"ID","Description","GeneRatio","BgRatio","pvalue","p.adjust","qvalue","geneID","Count"
"hsa04640","Hematopoietic cell lineage","5/38","96/5787",0.000368186029124391,0.0511778580482903,0.0496082228714968,"930/1380/3568/931/910",5
"hsa04060","Cytokine-cytokine receptor interaction","7/38","257/5787",0.00121315389464953,0.0685342937031174,0.0664323331616739,"608/23495/4283/3568/6373/5618/6363",7
"hsa05340","Primary immunodeficiency","3/38","35/5787",0.00147915741805289,0.0685342937031174,0.0664323331616739,"973/23495/930",3
